INSERT INTO `planets` (`id`, `edited`, `climate`, `surface_water`, `name`, `diameter`, `rotation_period`, `created`, `terrain`, `gravity`, `orbital_period`, `population`) VALUES
(1, '2014-12-20 20:58:18', 'arid', '1', 'Tatooine', '10465', '23', '2014-12-09 13:50:50', 'desert', '1 standard', '304', '200000'),
(2, '2014-12-20 20:58:18', 'temperate', '40', 'Alderaan', '12500', '24', '2014-12-10 11:35:48', 'grasslands, mountains', '1 standard', '364', '2000000000'),
(3, '2014-12-20 20:58:18', 'temperate, tropical', '8', 'Yavin IV', '10200', '24', '2014-12-10 11:37:19', 'jungle, rainforests', '1 standard', '4818', '1000'),
(4, '2014-12-20 20:58:18', 'frozen', '100', 'Hoth', '7200', '23', '2014-12-10 11:39:14', 'tundra, ice caves, mountain ranges', '1.1 standard', '549', NULL),
(5, '2014-12-20 20:58:18', 'murky', '8', 'Dagobah', '8900', '23', '2014-12-10 11:42:23', 'swamp, jungles', 'N/A', '341', NULL),
(6, '2014-12-20 20:58:18', 'temperate', '0', 'Bespin', '118000', '12', '2014-12-10 11:43:55', 'gas giant', '1.5 (surface), 1 standard (Cloud City)', '5110', '6000000'),
(7, '2014-12-20 20:58:18', 'temperate', '8', 'Endor', '4900', '18', '2014-12-10 11:50:29', 'forests, mountains, lakes', '0.85 standard', '402', '30000000'),
(8, '2014-12-20 20:58:18', 'temperate', '12', 'Naboo', '12120', '26', '2014-12-10 11:52:31', 'grassy hills, swamps, forests, mountains', '1 standard', '312', '4500000000'),
(9, '2014-12-20 20:58:18', 'temperate', 'unknown', 'Coruscant', '12240', '24', '2014-12-10 11:54:14', 'cityscape, mountains', '1 standard', '368', '1000000000000'),
(10, '2014-12-20 20:58:18', 'temperate', '100', 'Kamino', '19720', '27', '2014-12-10 12:45:07', 'ocean', '1 standard', '463', '1000000000'),
(11, '2014-12-20 20:58:18', 'temperate, arid', '5', 'Geonosis', '11370', '30', '2014-12-10 12:47:22', 'rock, desert, mountain, barren', '0.9 standard', '256', '100000000000'),
(12, '2014-12-20 20:58:18', 'temperate, arid, windy', '0.9', 'Utapau', '12900', '27', '2014-12-10 12:49:01', 'scrublands, savanna, canyons, sinkholes', '1 standard', '351', '95000000'),
(13, '2014-12-20 20:58:18', 'hot', '0', 'Mustafar', '4200', '36', '2014-12-10 12:50:17', 'volcanoes, lava rivers, mountains, caves', '1 standard', '412', '20000'),
(14, '2014-12-20 20:58:18', 'tropical', '60', 'Kashyyyk', '12765', '26', '2014-12-10 13:32:00', 'jungle, forests, lakes, rivers', '1 standard', '381', '45000000'),
(15, '2014-12-20 20:58:18', 'artificial temperate ', '0', 'Polis Massa', '0', '24', '2014-12-10 13:33:46', 'airless asteroid', '0.56 standard', '590', '1000000'),
(16, '2014-12-20 20:58:18', 'frigid', 'unknown', 'Mygeeto', '10088', '12', '2014-12-10 13:43:39', 'glaciers, mountains, ice canyons', '1 standard', '167', '19000000'),
(17, '2014-12-20 20:58:18', 'hot, humid', 'unknown', 'Felucia', '9100', '34', '2014-12-10 13:44:50', 'fungus forests', '0.75 standard', '231', '8500000'),
(18, '2014-12-20 20:58:18', 'temperate, moist', 'unknown', 'Cato Neimoidia', '0', '25', '2014-12-10 13:46:29', 'mountains, fields, forests, rock arches', '1 standard', '278', '10000000'),
(19, '2014-12-20 20:58:18', 'hot', 'unknown', 'Saleucami', '14920', '26', '2014-12-10 13:47:47', 'caves, desert, mountains, volcanoes', 'unknown', '392', '1400000000'),
(20, '2014-12-20 20:58:18', 'temperate', 'unknown', 'Stewjon', '0', NULL, '2014-12-10 16:16:27', 'grass', '1 standard', NULL, NULL),
(21, '2014-12-20 20:58:18', 'polluted', 'unknown', 'Eriadu', '13490', '24', '2014-12-10 16:26:54', 'cityscape', '1 standard', '360', '22000000000'),
(22, '2014-12-20 20:58:18', 'temperate', '70', 'Corellia', '11000', '25', '2014-12-10 16:49:12', 'plains, urban, hills, forests', '1 standard', '329', '3000000000'),
(23, '2014-12-20 20:58:18', 'hot', '60', 'Rodia', '7549', '29', '2014-12-10 17:03:28', 'jungles, oceans, urban, swamps', '1 standard', '305', '1300000000'),
(24, '2014-12-20 20:58:18', 'temperate', 'unknown', 'Nal Hutta', '12150', '87', '2014-12-10 17:11:29', 'urban, oceans, swamps, bogs', '1 standard', '413', '7000000000'),
(25, '2014-12-20 20:58:18', 'temperate', 'unknown', 'Dantooine', '9830', '25', '2014-12-10 17:23:30', 'oceans, savannas, mountains, grasslands', '1 standard', '378', '1000'),
(26, '2014-12-20 20:58:18', 'temperate', '98', 'Bestine IV', '6400', '26', '2014-12-12 11:16:55', 'rocky islands, oceans', 'unknown', '680', '62000000'),
(27, '2014-12-20 20:58:18', 'temperate', '10', 'Ord Mantell', '14050', '26', '2014-12-15 12:23:42', 'plains, seas, mesas', '1 standard', '334', '4000000000'),
(28, '2014-12-20 20:58:18', 'unknown', 'unknown', 'unknown', '0', '0', '2014-12-15 12:26:00', 'unknown', 'unknown', '0', NULL),
(29, '2014-12-20 20:58:18', 'arid', 'unknown', 'Trandosha', '0', '25', '2014-12-15 12:53:48', 'mountains, seas, grasslands, deserts', '0.62 standard', '371', '42000000'),
(30, '2014-12-20 20:58:18', 'arid', 'unknown', 'Socorro', '0', '20', '2014-12-15 12:56:31', 'deserts, mountains', '1 standard', '326', '300000000'),
(31, '2014-12-20 20:58:18', 'temperate', '100', 'Mon Cala', '11030', '21', '2014-12-18 11:07:02', 'oceans, reefs, islands', '1', '398', '27000000000'),
(32, '2014-12-20 20:58:18', 'temperate', '40', 'Chandrila', '13500', '20', '2014-12-18 11:11:52', 'plains, forests', '1', '368', '1200000000'),
(33, '2014-12-20 20:58:18', 'superheated', '5', 'Sullust', '12780', '20', '2014-12-18 11:25:40', 'mountains, volcanoes, rocky deserts', '1', '263', '18500000000'),
(34, '2014-12-20 20:58:18', 'temperate', 'unknown', 'Toydaria', '7900', '21', '2014-12-19 17:47:54', 'swamps, lakes', '1', '184', '11000000'),
(35, '2014-12-20 20:58:18', 'arid, temperate, tropical', 'unknown', 'Malastare', '18880', '26', '2014-12-19 17:52:13', 'swamps, deserts, jungles, mountains', '1.56', '201', '2000000000'),
(36, '2014-12-20 20:58:18', 'temperate', 'unknown', 'Dathomir', '10480', '24', '2014-12-19 18:00:40', 'forests, deserts, savannas', '0.9', '491', '5200'),
(37, '2014-12-20 20:58:18', 'temperate, arid, subartic', '5', 'Ryloth', '10600', '30', '2014-12-20 09:46:26', 'mountains, valleys, deserts, tundra', '1', '305', '1500000000'),
(38, '2014-12-20 20:58:18', 'unknown', 'unknown', 'Aleen Minor', NULL, NULL, '2014-12-20 09:52:23', 'unknown', 'unknown', NULL, NULL),
(39, '2014-12-20 20:58:18', 'temperate, artic', 'unknown', 'Vulpter', '14900', '22', '2014-12-20 09:56:59', 'urban, barren', '1', '391', '421000000'),
(40, '2014-12-20 20:58:18', 'unknown', 'unknown', 'Troiken', NULL, NULL, '2014-12-20 10:01:37', 'desert, tundra, rainforests, mountains', 'unknown', NULL, NULL),
(41, '2014-12-20 20:58:18', 'unknown', 'unknown', 'Tund', '12190', '48', '2014-12-20 10:07:30', 'barren, ash', 'unknown', '1770', '0'),
(42, '2014-12-20 20:58:18', 'temperate', 'unknown', 'Haruun Kal', '10120', '25', '2014-12-20 10:12:29', 'toxic cloudsea, plateaus, volcanoes', '0.98', '383', '705300'),
(43, '2014-12-20 20:58:18', 'temperate', '20', 'Cerea', NULL, '27', '2014-12-20 10:14:48', 'verdant', '1', '386', '450000000'),
(44, '2014-12-20 20:58:18', 'tropical, temperate', '80', 'Glee Anselm', '15600', '33', '2014-12-20 10:18:26', 'lakes, islands, swamps, seas', '1', '206', '500000000'),
(45, '2014-12-20 20:58:18', 'unknown', 'unknown', 'Iridonia', NULL, '29', '2014-12-20 10:26:06', 'rocky canyons, acid pools', 'unknown', '413', NULL),
(46, '2014-12-20 20:58:18', 'unknown', 'unknown', 'Tholoth', NULL, NULL, '2014-12-20 10:28:31', 'unknown', 'unknown', NULL, NULL),
(47, '2014-12-20 20:58:19', 'arid, rocky, windy', 'unknown', 'Iktotch', NULL, '22', '2014-12-20 10:31:32', 'rocky', '1', '481', NULL),
(48, '2014-12-20 20:58:19', 'unknown', 'unknown', 'Quermia', NULL, NULL, '2014-12-20 10:34:08', 'unknown', 'unknown', NULL, NULL),
(49, '2014-12-20 20:58:19', 'temperate', 'unknown', 'Dorin', '13400', '22', '2014-12-20 10:48:36', 'unknown', '1', '409', NULL),
(50, '2014-12-20 20:58:19', 'temperate', 'unknown', 'Champala', NULL, '27', '2014-12-20 10:52:52', 'oceans, rainforests, plateaus', '1', '318', '3500000000'),
(51, '2014-12-20 20:58:19', 'unknown', 'unknown', 'Mirial', NULL, NULL, '2014-12-20 16:44:46', 'deserts', 'unknown', NULL, NULL),
(52, '2014-12-20 20:58:19', 'unknown', 'unknown', 'Serenno', NULL, NULL, '2014-12-20 16:52:13', 'rainforests, rivers, mountains', 'unknown', NULL, NULL),
(53, '2014-12-20 20:58:19', 'unknown', 'unknown', 'Concord Dawn', NULL, NULL, '2014-12-20 16:54:40', 'jungles, forests, deserts', 'unknown', NULL, NULL),
(54, '2014-12-20 20:58:19', 'unknown', 'unknown', 'Zolan', NULL, NULL, '2014-12-20 16:56:37', 'unknown', 'unknown', NULL, NULL),
(55, '2014-12-20 20:58:19', 'frigid', '100', 'Ojom', NULL, NULL, '2014-12-20 17:27:41', 'oceans, glaciers', 'unknown', NULL, '500000000'),
(56, '2014-12-20 20:58:19', 'temperate', 'unknown', 'Skako', NULL, '27', '2014-12-20 17:50:48', 'urban, vines', '1', '384', '500000000000'),
(57, '2014-12-20 20:58:19', 'temperate', '25', 'Muunilinst', '13800', '28', '2014-12-20 17:57:47', 'plains, forests, hills, mountains', '1', '412', '5000000000'),
(58, '2014-12-20 20:58:19', 'temperate', 'unknown', 'Shili', NULL, NULL, '2014-12-20 18:43:14', 'cities, savannahs, seas, plains', '1', NULL, NULL),
(59, '2014-12-20 20:58:19', 'arid, temperate, tropical', 'unknown', 'Kalee', '13850', '23', '2014-12-20 19:43:51', 'rainforests, cliffs, canyons, seas', '1', '378', '4000000000'),
(60, '2014-12-20 20:58:19', 'unknown', 'unknown', 'Umbara', NULL, NULL, '2014-12-20 20:18:36', 'unknown', 'unknown', NULL, NULL);


INSERT INTO `people` (`id`, `edited`, `name`, `created`, `gender`, `skin_color`, `hair_color`, `height`, `eye_color`, `mass`, `homeworld`, `birth_year`) VALUES
(1, '2014-12-20 21:17:57', 'Luke Skywalker', '2014-12-09 13:50:52', 'male', 'fair', 'blond', 171, 'blue', 77, 1, '19BBY'),
(2, '2014-12-20 21:17:50', 'C-3PO', '2014-12-10 15:10:51', 'n/a', 'gold', 'n/a', 167, 'yellow', 75, 1, '112BBY'),
(3, '2014-12-20 21:17:50', 'R2-D2', '2014-12-10 15:11:50', 'n/a', 'white, blue', 'n/a', 96, 'red', 32, 8, '33BBY'),
(4, '2014-12-20 21:17:50', 'Darth Vader', '2014-12-10 15:18:21', 'male', 'white', 'none', 202, 'yellow', 136, 1, '41.9BBY'),
(5, '2014-12-20 21:17:50', 'Leia Organa', '2014-12-10 15:20:10', 'female', 'light', 'brown', 150, 'brown', 49, 2, '19BBY'),
(6, '2014-12-20 21:17:50', 'Owen Lars', '2014-12-10 15:52:14', 'male', 'light', 'brown, grey', 178, 'blue', 120, 1, '52BBY'),
(7, '2014-12-20 21:17:50', 'Beru Whitesun Lars', '2014-12-10 15:53:41', 'female', 'light', 'brown', 165, 'blue', 75, 1, '47BBY'),
(8, '2014-12-20 21:17:50', 'R5-D4', '2014-12-10 15:57:51', 'n/a', 'white, red', 'n/a', 97, 'red', 32, 1, 'unknown'),
(9, '2014-12-20 21:17:50', 'Biggs Darklighter', '2014-12-10 15:59:51', 'male', 'light', 'black', 183, 'brown', 84, 1, '24BBY'),
(10, '2014-12-20 21:17:50', 'Obi-Wan Kenobi', '2014-12-10 16:16:29', 'male', 'fair', 'auburn, white', 182, 'blue-gray', 77, 20, '57BBY'),
(11, '2014-12-20 21:17:50', 'Anakin Skywalker', '2014-12-10 16:20:44', 'male', 'fair', 'blond', 188, 'blue', 84, 1, '41.9BBY'),
(13, '2014-12-20 21:17:50', 'Chewbacca', '2014-12-10 16:42:45', 'male', 'unknown', 'brown', 228, 'blue', 112, 14, '200BBY'),
(14, '2014-12-20 21:17:50', 'Han Solo', '2014-12-10 16:49:15', 'male', 'fair', 'brown', 180, 'brown', 80, 22, '29BBY'),
(15, '2014-12-20 21:17:50', 'Greedo', '2014-12-10 17:03:30', 'male', 'green', 'n/a', 173, 'black', 74, 23, '44BBY'),
(18, '2014-12-20 21:17:50', 'Wedge Antilles', '2014-12-12 11:08:06', 'male', 'fair', 'brown', 170, 'hazel', 77, 22, '21BBY'),
(19, '2014-12-20 21:17:50', 'Jek Tono Porkins', '2014-12-12 11:16:57', 'male', 'fair', 'brown', 180, 'blue', 110, 26, 'unknown'),
(20, '2014-12-20 21:17:50', 'Yoda', '2014-12-15 12:26:01', 'male', 'green', 'white', 66, 'brown', 17, 28, '896BBY'),
(21, '2014-12-20 21:17:50', 'Palpatine', '2014-12-15 12:48:06', 'male', 'pale', 'grey', 170, 'yellow', 75, 8, '82BBY'),
(22, '2014-12-20 21:17:50', 'Boba Fett', '2014-12-15 12:49:32', 'male', 'fair', 'black', 183, 'brown', 78, 10, '31.5BBY'),
(23, '2014-12-20 21:17:50', 'IG-88', '2014-12-15 12:51:10', 'none', 'metal', 'none', 200, 'red', 140, 28, '15BBY'),
(24, '2014-12-20 21:17:50', 'Bossk', '2014-12-15 12:53:49', 'male', 'green', 'none', 190, 'red', 113, 29, '53BBY'),
(25, '2014-12-20 21:17:50', 'Lando Calrissian', '2014-12-15 12:56:33', 'male', 'dark', 'black', 177, 'brown', 79, 30, '31BBY'),
(26, '2014-12-20 21:17:50', 'Lobot', '2014-12-15 13:01:57', 'male', 'light', 'none', 175, 'blue', 79, 6, '37BBY'),
(27, '2014-12-20 21:17:50', 'Ackbar', '2014-12-18 11:07:51', 'male', 'brown mottle', 'none', 180, 'orange', 83, 31, '41BBY'),
(30, '2014-12-20 21:17:50', 'Wicket Systri Warrick', '2014-12-18 11:21:59', 'male', 'brown', 'brown', 88, 'brown', 20, 7, '8BBY'),
(31, '2014-12-20 21:17:50', 'Nien Nunb', '2014-12-18 11:26:19', 'male', 'grey', 'none', 160, 'black', 68, 33, 'unknown'),
(32, '2014-12-20 21:17:50', 'Qui-Gon Jinn', '2014-12-19 16:54:54', 'male', 'fair', 'brown', 193, 'blue', 89, 28, '92BBY'),
(33, '2014-12-20 21:17:50', 'Nute Gunray', '2014-12-19 17:05:57', 'male', 'mottled green', 'none', 191, 'red', 90, 18, 'unknown'),
(35, '2014-12-20 21:17:50', 'Padmé Amidala', '2014-12-19 17:28:27', 'female', 'light', 'brown', 185, 'brown', 45, 8, '46BBY'),
(36, '2014-12-20 21:17:50', 'Jar Jar Binks', '2014-12-19 17:29:32', 'male', 'orange', 'none', 196, 'orange', 66, 8, '52BBY'),
(37, '2014-12-20 21:17:50', 'Roos Tarpals', '2014-12-19 17:32:57', 'male', 'grey', 'none', 224, 'orange', 82, 8, 'unknown'),
(41, '2014-12-20 21:17:50', 'Sebulba', '2014-12-19 17:53:03', 'male', 'grey, red', 'none', 112, 'orange', 40, 35, 'unknown'),
(44, '2014-12-20 21:17:50', 'Darth Maul', '2014-12-19 18:00:42', 'male', 'red', 'none', 175, 'yellow', 80, 36, '54BBY'),
(46, '2014-12-20 21:17:50', 'Ayla Secura', '2014-12-20 09:48:01', 'female', 'blue', 'none', 178, 'hazel', 55, 37, '48BBY'),
(47, '2014-12-20 21:17:50', 'Ratts Tyerel', '2014-12-20 09:53:15', 'male', 'grey, blue', 'none', 79, 'unknown', 15, 38, 'unknown'),
(48, '2014-12-20 21:17:50', 'Dud Bolt', '2014-12-20 09:57:32', 'male', 'blue, grey', 'none', 94, 'yellow', 45, 39, 'unknown'),
(50, '2014-12-20 21:17:50', 'Ben Quadinaros', '2014-12-20 10:08:34', 'male', 'grey, green, yellow', 'none', 163, 'orange', 65, 41, 'unknown'),
(51, '2014-12-20 21:17:50', 'Mace Windu', '2014-12-20 10:12:31', 'male', 'dark', 'none', 188, 'brown', 84, 42, '72BBY'),
(52, '2014-12-20 21:17:50', 'Ki-Adi-Mundi', '2014-12-20 10:15:32', 'male', 'pale', 'white', 198, 'yellow', 82, 43, '92BBY'),
(53, '2014-12-20 21:17:50', 'Kit Fisto', '2014-12-20 10:18:57', 'male', 'green', 'none', 196, 'black', 87, 44, 'unknown'),
(54, '2014-12-20 21:17:50', 'Eeth Koth', '2014-12-20 10:26:48', 'male', 'brown', 'black', 171, 'brown', 80, 45, 'unknown'),
(55, '2014-12-20 21:17:50', 'Adi Gallia', '2014-12-20 10:29:12', 'female', 'dark', 'none', 184, 'blue', 50, 9, 'unknown'),
(56, '2014-12-20 21:17:50', 'Saesee Tiin', '2014-12-20 10:32:12', 'male', 'pale', 'none', 188, 'orange', 93, 47, 'unknown'),
(58, '2014-12-20 21:17:50', 'Plo Koon', '2014-12-20 10:49:20', 'male', 'orange', 'none', 188, 'black', 80, 49, '22BBY'),
(59, '2014-12-20 21:17:50', 'Mas Amedda', '2014-12-20 10:53:26', 'male', 'blue', 'none', 196, 'blue', 80, 50, 'unknown'),
(60, '2014-12-20 21:17:50', 'Gregar Typho', '2014-12-20 11:10:10', 'male', 'dark', 'black', 185, 'brown', 85, 8, 'unknown'),
(61, '2014-12-20 21:17:50', 'Cordé', '2014-12-20 11:11:40', 'female', 'light', 'brown', 157, 'brown', 55, 8, 'unknown'),
(62, '2014-12-20 21:17:50', 'Cliegg Lars', '2014-12-20 15:59:04', 'male', 'fair', 'brown', 183, 'blue', 83, 1, '82BBY'),
(63, '2014-12-20 21:17:50', 'Poggle the Lesser', '2014-12-20 16:40:44', 'male', 'green', 'none', 183, 'yellow', 80, 11, 'unknown'),
(64, '2014-12-20 21:17:50', 'Luminara Unduli', '2014-12-20 16:45:54', 'female', 'yellow', 'black', 170, 'blue', 56, 51, '58BBY'),
(65, '2014-12-20 21:17:50', 'Barriss Offee', '2014-12-20 16:46:40', 'female', 'yellow', 'black', 166, 'blue', 50, 51, '40BBY'),
(66, '2014-12-20 21:17:50', 'Dormé', '2014-12-20 16:49:15', 'female', 'light', 'brown', 165, 'brown', 45, 8, 'unknown'),
(67, '2014-12-20 21:17:50', 'Dooku', '2014-12-20 16:52:15', 'male', 'fair', 'white', 193, 'brown', 80, 52, '102BBY'),
(68, '2014-12-20 21:17:50', 'Bail Prestor Organa', '2014-12-20 16:53:09', 'male', 'tan', 'black', 191, 'brown', 91, 2, '67BBY'),
(69, '2014-12-20 21:17:50', 'Jango Fett', '2014-12-20 16:54:42', 'male', 'tan', 'black', 183, 'brown', 79, 53, '66BBY'),
(70, '2014-12-20 21:17:50', 'Zam Wesell', '2014-12-20 16:57:44', 'female', 'fair, green, yellow', 'blonde', 168, 'yellow', 55, 54, 'unknown'),
(71, '2014-12-20 21:17:50', 'Dexter Jettster', '2014-12-20 17:28:27', 'male', 'brown', 'none', 198, 'yellow', 102, 55, 'unknown'),
(72, '2014-12-20 21:17:50', 'Lama Su', '2014-12-20 17:30:50', 'male', 'grey', 'none', 229, 'black', 88, 10, 'unknown'),
(73, '2014-12-20 21:17:50', 'Taun We', '2014-12-20 17:31:21', 'female', 'grey', 'none', 213, 'black', 230, 10, 'unknown'),
(74, '2014-12-20 21:17:50', 'Jocasta Nu', '2014-12-20 17:32:52', 'female', 'fair', 'white', 167, 'blue', 67, 9, 'unknown'),
(75, '2014-12-20 21:17:50', 'R4-P17', '2014-12-20 17:43:36', 'female', 'silver, red', 'none', 96, 'red, blue', 90, 28, 'unknown'),
(76, '2014-12-20 21:17:50', 'Wat Tambor', '2014-12-20 17:53:53', 'male', 'green, grey', 'none', 193, 'unknown', 48, 56, 'unknown'),
(77, '2014-12-20 21:17:50', 'San Hill', '2014-12-20 17:58:17', 'male', 'grey', 'none', 191, 'gold', 102, 57, 'unknown'),
(78, '2014-12-20 21:17:50', 'Shaak Ti', '2014-12-20 18:44:01', 'female', 'red, blue, white', 'none', 178, 'black', 57, 58, 'unknown'),
(79, '2014-12-20 21:17:50', 'Grievous', '2014-12-20 19:43:53', 'male', 'brown, white', 'none', 216, 'green, yellow', 159, 59, 'unknown'),
(80, '2014-12-20 21:17:50', 'Tarfful', '2014-12-20 19:46:34', 'male', 'brown', 'brown', 234, 'blue', 136, 14, 'unknown'),
(81, '2014-12-20 21:17:50', 'Raymus Antilles', '2014-12-20 19:49:36', 'male', 'light', 'brown', 188, 'brown', 79, 2, 'unknown'),
(82, '2014-12-20 21:17:50', 'Sly Moore', '2014-12-20 20:18:38', 'female', 'pale', 'none', 178, 'white', 48, 60, 'unknown'),
(83, '2014-12-20 21:17:50', 'Tion Medon', '2014-12-20 20:35:04', 'male', 'grey', 'none', 206, 'black', 80, 12, 'unknown');


INSERT INTO `people_species` (`species_id`, `people_id`) VALUES
(1, 1), (4, 1), (5, 1), (6, 1), (7, 1), (9, 1), (10, 1), (11, 1), (12, 1), (14, 1),
(18, 1), (19, 1), (21, 1), (22, 1), (25, 1), (26, 1), (28, 1), (29, 1), (32, 1), (34, 1),
(35, 1), (39, 1), (42, 1), (43, 1), (51, 1), (60, 1), (61, 1), (62, 1), (66, 1), (67, 1),
(68, 1), (69, 1), (74, 1), (81, 1), (82, 1), (2, 2), (3, 2), (8, 2), (23, 2), (13, 3),
(80, 3), (15, 4), (16, 5), (20, 6), (24, 7), (27, 8), (30, 9), (31, 10), (33, 11),
(36, 12), (37, 13), (38, 14), (45, 15), (46, 15), (47, 16), (48, 17), (49, 18), (50, 19),
(52, 20), (53, 21), (44, 22), (55, 23), (56, 24), (57, 25), (58, 26), (59, 27), (63, 28),
(64, 29), (65, 29), (70, 30), (71, 31), (72, 32), (76, 33), (77, 34), (78, 35), (79, 36),
(83, 37);



INSERT INTO `species` (`edited`, `classification`, `name`, `designation`, `created`, `eye_colors`, `skin_colors`, `language`, `hair_colors`, `homeworld`, `average_lifespan`, `average_height`, `id`) VALUES
('2014-12-20 21:36:42', 'mammal', 'Human', 'sentient', '2014-12-10 13:52:12', 'brown, blue, green, hazel, grey, amber', 'caucasian, black, asian, hispanic', 'Galactic Basic', 'blonde, brown, black, red', 9, '120', '180', 1),
('2014-12-20 21:36:42', 'artificial', 'Droid', 'sentient', '2014-12-10 15:16:16', 'n/a', 'n/a', 'n/a', 'indefinite', NULL, '','',2),
('2014-12-20 21:36:42', 'mammal', 'Wookie', 'sentient', '2014-12-10 16:44:31', 'blue, green, yellow, brown, golden, red', 'gray', 'Shyriiwook', 'black, brown', 14, '400', '210', 3),
('2014-12-20 21:36:42', 'sentient', 'Rodian', 'reptilian', '2014-12-10 17:05:26', 'black', 'green, blue', 'Galatic Basic', 'n/a', 23, 'unknown', '170', 4),
('2014-12-20 21:36:42', 'gastropod', 'Hutt', 'sentient', '2014-12-10 17:12:50', 'yellow, red', 'green, brown, tan', 'Huttese', 'n/a', 24, '1000', '300', 5),
('2014-12-20 21:36:42', 'mammal', 'Yodas species', 'sentient', '2014-12-15 12:27:23', 'brown, green, yellow', 'green, yellow', 'Galactic basic', 'brown, white', 28, '900', '66', 6),
('2014-12-20 21:36:42', 'reptile', 'Trandoshan', 'sentient', '2014-12-15 13:07:48', 'yellow, orange', 'brown, green', 'Dosh', 'none', 29, 'unknown', '200', 7),
('2014-12-20 21:36:42', 'amphibian', 'Mon Calamari', 'sentient', '2014-12-18 11:09:52', 'yellow', 'red, blue, brown, magenta', 'Mon Calamarian', 'none', 31, 'unknown', '160', 8),
('2014-12-20 21:36:42', 'mammal', 'Ewok', 'sentient', '2014-12-18 11:22:00', 'orange, brown', 'brown', 'Ewokese', 'white, brown, black', 7, 'unknown', '100', 9),
('2014-12-20 21:36:42', 'mammal', 'Sullustan', 'sentient', '2014-12-18 11:26:20', 'black', 'pale', 'Sullutese', 'none', 33, 'unknown', '180', 10),
('2014-12-20 21:36:42', 'unknown', 'Neimodian', 'sentient', '2014-12-19 17:07:31', 'red, pink', 'grey, green', 'Neimoidia', 'none', 18, 'unknown', '180', 11),
('2014-12-20 21:36:42', 'amphibian', 'Gungan', 'sentient', '2014-12-19 17:30:37', 'orange', 'brown, green', 'Gungan basic', 'none', 8, 'unknown', '190', 12),
('2014-12-20 21:36:42', 'mammal', 'Toydarian', 'sentient', '2014-12-19 17:48:57', 'yellow', 'blue, green, grey', 'Toydarian', 'none', 34, '91', '120', 13),
('2014-12-20 21:36:42', 'mammal', 'Dug', 'sentient', '2014-12-19 17:53:11', 'yellow, blue', 'brown, purple, grey, red', 'Dugese', 'none', 35, 'unknown', '100', 14),
('2014-12-20 21:36:42', 'mammals', 'Twilek', 'sentient', '2014-12-20 09:48:02', 'blue, brown, orange, pink', 'orange, yellow, blue, green, pink, purple, tan', 'Twileki', 'none', 37, 'unknown', '200', 15),
('2014-12-20 21:36:42', 'reptile', 'Aleena', 'sentient', '2014-12-20 09:53:16', 'unknown', 'blue, gray', 'Aleena', 'none', 38, '79', '80', 16),
('2014-12-20 21:36:42', 'unknown', 'Vulptereen', 'sentient', '2014-12-20 09:57:33', 'yellow', 'grey', 'vulpterish', 'none', 39, 'unknown', '100', 17),
('2014-12-20 21:36:42', 'unknown', 'Xexto', 'sentient', '2014-12-20 10:02:14', 'black', 'grey, yellow, purple', 'Xextese', 'none', 40, 'unknown', '125', 18),
('2014-12-20 21:36:42', 'unknown', 'Toong', 'sentient', '2014-12-20 10:08:37', 'orange', 'grey, green, yellow', 'Tundan', 'none', 41, 'unknown', '200', 19),
('2014-12-20 21:36:42', 'mammal', 'Cerean', 'sentient', '2014-12-20 10:15:34', 'hazel', 'pale pink', 'Cerean', 'red, blond, black, white', 43, 'unknown', '200', 20),
('2014-12-20 21:36:42', 'amphibian', 'Nautolan', 'sentient', '2014-12-20 10:18:59', 'black', 'green, blue, brown, red', 'Nautila', 'none', 44, '70', '180', 21),
('2014-12-20 21:36:42', 'mammal', 'Zabrak', 'sentient', '2014-12-20 10:27:00', 'brown, orange', 'pale, brown, red, orange, yellow', 'Zabraki', 'black', 45, 'unknown', '180', 22),
('2014-12-20 21:36:42', 'mammal', 'Tholothian', 'sentient', '2014-12-20 10:29:14', 'blue, indigo', 'dark', 'unknown', 'unknown', 46, 'unknown', 'unknown', 23),
('2014-12-20 21:36:42', 'unknown', 'Iktotchi', 'sentient', '2014-12-20 10:32:13', 'orange', 'pink', 'Iktotchese', 'none', 47, 'unknown', '180', 24),
('2014-12-20 21:36:42', 'mammal', 'Quermian', 'sentient', '2014-12-20 10:34:51', 'yellow', 'white', 'Quermian', 'none', 48, '86', '240', 25),
('2014-12-20 21:36:42', 'unknown', 'Kel Dor', 'sentient', '2014-12-20 10:49:22', 'black, silver', 'peach, orange, red', 'Kel Dor', 'none', 49, '70', '180', 26),
('2014-12-20 21:36:42', 'amphibian', 'Chagrian', 'sentient', '2014-12-20 10:53:29', 'blue', 'blue', 'Chagria', 'none', 50, 'unknown', '190', 27),
('2014-12-20 21:36:42', 'insectoid', 'Geonosian', 'sentient', '2014-12-20 16:40:46', 'green, hazel', 'green, brown', 'Geonosian', 'none', 11, 'unknown', '178', 28),
('2014-12-20 21:36:42', 'mammal', 'Mirialan', 'sentient', '2014-12-20 16:46:48', 'blue, green, red, yellow, brown, orange', 'yellow, green', 'Mirialan', 'black, brown', 51, 'unknown', '180', 29),
('2014-12-20 21:36:42', 'reptilian', 'Clawdite', 'sentient', '2014-12-20 16:57:46', 'yellow', 'green, yellow', 'Clawdite', 'none', 54, '70', '180', 30),
('2014-12-20 21:36:42', 'amphibian', 'Besalisk', 'sentient', '2014-12-20 17:28:29', 'yellow', 'brown', 'besalisk', 'none', 55, '75', '178', 31),
('2014-12-20 21:36:42', 'amphibian', 'Kaminoan', 'sentient', '2014-12-20 17:31:25', 'black', 'grey, blue', 'Kaminoan', 'none', 10, '80', '220', 32),
('2014-12-20 21:36:42', 'mammal', 'Skakoan', 'sentient', '2014-12-20 17:53:55', 'unknown', 'grey, green', 'Skakoan', 'none', 56, 'unknown', 'unknown', 33),
('2014-12-20 21:36:42', 'mammal', 'Muun', 'sentient', '2014-12-20 17:58:19', 'black', 'grey, white', 'Muun', 'none', 57, '100', '190', 34),
('2014-12-20 21:36:42', 'mammal', 'Togruta', 'sentient', '2014-12-20 18:44:03', 'red, orange, yellow, green, blue, black', 'red, white, orange, yellow, green, blue', 'Togruti', 'none', 58, '94', '180', 35),
('2014-12-20 21:36:42', 'reptile', 'Kaleesh', 'sentient', '2014-12-20 19:45:43', 'yellow', 'brown, orange, tan', 'Kaleesh', 'none', 59, '80', '170', 36),
('2014-12-20 21:36:42', 'mammal', 'Pauan', 'sentient', '2014-12-20 20:35:07', 'black', 'grey', 'Utapese', 'none', 12, '700', '190', 37);


INSERT INTO `transports` (`id`, `edited`, `consumables`, `name`, `created`, `cargo_capacity`, `passengers`, `max_atmosphering_speed`, `crew`, `length`, `model`, `cost_in_credits`, `manufacturer`) VALUES
(2, '2014-12-20T21:23:49.867Z', '1 year', 'CR90 corvette', '2014-12-10T14:20:33.369Z', '3000000', '600', '950', '30-165', '150', 'CR90 corvette', '3500000', 'Corellian Engineering Corporation'),
(3, '2014-12-20T21:23:49.870Z', '2 years', 'Star Destroyer', '2014-12-10T15:08:19.848Z', '36000000', 'n/a', '975', '47,060', '1,600', 'Imperial I-class Star Destroyer', '150000000', 'Kuat Drive Yards'),
(4, '2014-12-20T21:30:21.661Z', '2 months', 'Sand Crawler', '2014-12-10T15:36:25.724Z', '50000', '30', '30', '46', '36.8 ', 'Digger Crawler', '150000', 'Corellia Mining Corporation'),
(5, '2014-12-20T21:23:49.873Z', '1 month', 'Sentinel-class landing craft', '2014-12-10T15:48:00.586Z', '180000', '75', '1000', '5', '38', 'Sentinel-class landing craft', '240000', 'Sienar Fleet Systems, Cyngus Spaceworks'),
(6, '2014-12-20T21:30:21.665Z', '0', 'T-16 skyhopper', '2014-12-10T16:01:52.434Z', '50', '1', '1200', '1', '10.4 ', 'T-16 skyhopper', '14500', 'Incom Corporation'),
(7, '2014-12-20T21:30:21.668Z', 'unknown', 'X-34 landspeeder', '2014-12-10T16:13:52.586Z', '5', '1', '250', '1', '3.4 ', 'X-34 landspeeder', '10550', 'SoroSuub Corporation'),
(8, '2014-12-20T21:30:21.670Z', '2 days', 'TIE/LN starfighter', '2014-12-10T16:33:52.860Z', '65', '0', '1200', '1', '6.4', 'Twin Ion Engine/Ln Starfighter', 'unknown', 'Sienar Fleet Systems'),
(9, '2014-12-20T21:26:24.783Z', '3 years', 'Death Star', '2014-12-10T16:36:50.509Z', '1000000000000', '843,342', 'n/a', '342,953', '120000', 'DS-1 Orbital Battle Station', '1000000000000', 'Imperial Department of Military Research, Sienar Fleet Systems'),
(10, '2014-12-20T21:23:49.880Z', '2 months', 'Millennium Falcon', '2014-12-10T16:59:45.094Z', '100000', '6', '1050', '4', '34.37', 'YT-1300 light freighter', '100000', 'Corellian Engineering Corporation'),
(11, '2014-12-20T21:23:49.883Z', '1 week', 'Y-wing', '2014-12-12T11:00:39.817Z', '110', '0', '1000km', '2', '14', 'BTL Y-wing', '134999', 'Koensayr Manufacturing'),
(12, '2014-12-20T21:23:49.886Z', '1 week', 'X-wing', '2014-12-12T11:19:05.340Z', '110', '0', '1050', '1', '12.5', 'T-65 X-wing', '149999', 'Incom Corporation'),
(13, '2014-12-20T21:23:49.889Z', '5 days', 'TIE Advanced x1', '2014-12-12T11:21:32.991Z', '150', '0', '1200', '1', '9.2', 'Twin Ion Engine Advanced x1', 'unknown', 'Sienar Fleet Systems'),
(14, '2014-12-20T21:30:21.672Z', 'none', 'Snowspeeder', '2014-12-15T12:22:12Z', '10', '0', '650', '2', '4.5', 't-47 airspeeder', 'unknown', 'Incom corporation'),
(15, '2014-12-20T21:23:49.893Z', '6 years', 'Executor', '2014-12-15T12:31:42.547Z', '250000000', '38000', 'n/a', '279,144', '19000', 'Executor-class star dreadnought', '1143350000', 'Kuat Drive Yards, Fondor Shipyards'),
(16, '2014-12-20T21:30:21.675Z', '2 days', 'TIE bomber', '2014-12-15T12:33:15.838Z', 'none', '0', '850', '1', '7.8', 'TIE/sa bomber', 'unknown', 'Sienar Fleet Systems'),
(17, '2014-12-20T21:23:49.895Z', '6 months', 'Rebel transport', '2014-12-15T12:34:52.264Z', '19000000', '90', '650', '6', '90', 'GR-75 medium transport', 'unknown', 'Gallofree Yards, Inc.'),
(18, '2014-12-20T21:30:21.677Z', 'unknown', 'AT-AT', '2014-12-15T12:38:25.937Z', '1000', '40', '60', '5', '20', 'All Terrain Armored Transport', 'unknown', 'Kuat Drive Yards, Imperial Department of Military Research'),
(19, '2014-12-20T21:30:21.679Z', 'none', 'AT-ST', '2014-12-15T12:46:42.384Z', '200', '0', '90', '2', '2', 'All Terrain Scout Transport', 'unknown', 'Kuat Drive Yards, Imperial Department of Military Research'),
(20, '2014-12-20T21:30:21.681Z', '1 day', 'Storm IV Twin-Pod cloud car', '2014-12-15T12:58:50.530Z', '10', '0', '1500', '2', '7', 'Storm IV Twin-Pod', '75000', 'Bespin Motors'),
(21, '2014-12-20T21:23:49.897Z', '1 month', 'Slave 1', '2014-12-15T13:00:56.332Z', '70000', '6', '1000', '1', '21.5', 'Firespray-31-class patrol and attack', 'unknown', 'Kuat Systems Engineering'),
(22, '2014-12-20T21:23:49.900Z', '2 months', 'Imperial shuttle', '2014-12-15T13:04:47.235Z', '80000', '20', '850', '6', '20', 'Lambda-class T-4a shuttle', '240000', 'Sienar Fleet Systems'),
(23, '2014-12-20T21:23:49.902Z', '2 years', 'EF76 Nebulon-B escort frigate', '2014-12-15T13:06:30.813Z', '6000000', '75', '800', '854', '300', 'EF76 Nebulon-B escort frigate', '8500000', 'Kuat Drive Yards'),
(24, '2014-12-20T21:30:21.684Z', 'Live food tanks', 'Sail barge', '2014-12-18T10:44:14.217Z', '2000000', '500', '100', '26', '30', 'Modified Luxury Sail Barge', '285000', 'Ubrikkian Industries Custom Vehicle Division'),
(25, '2014-12-20T21:30:21.688Z', '1 day', 'Bantha-II cargo skiff', '2014-12-18T10:48:03.208Z', '135000', '16', '250', '5', '9.5', 'Bantha-II', '8000', 'Ubrikkian Industries'),
(26, '2014-12-20T21:30:21.691Z', '2 days', 'TIE/IN interceptor', '2014-12-18T10:50:28.225Z', '75', '0', '1250', '1', '9.6', 'Twin Ion Engine Interceptor', 'unknown', 'Sienar Fleet Systems'),
(27, '2014-12-20T21:23:49.904Z', '2 years', 'Calamari Cruiser', '2014-12-18T10:54:57.804Z', 'unknown', '1200', 'n/a', '5400', '1200', 'MC80 Liberty type Star Cruiser', '104000000', 'Mon Calamari shipyards'),
(28, '2014-12-20T21:23:49.907Z', '1 week', 'A-wing', '2014-12-18T11:16:34.542Z', '40', '0', '1300', '1', '9.6', 'RZ-1 A-wing Interceptor', '175000', 'Alliance Underground Engineering, Incom Corporation'),
(29, '2014-12-20T21:23:49.909Z', '1 week', 'B-wing', '2014-12-18T11:18:04.763Z', '45', '0', '950', '1', '16.9', 'A/SF-01 B-wing starfighter', '220000', 'Slayn & Korpil'),
(30, '2014-12-20T21:30:21.693Z', '1 day', 'Imperial Speeder Bike', '2014-12-18T11:20:04.625Z', '4', '1', '360', '1', '3', '74-Z speeder bike', '8000', 'Aratech Repulsor Company'),
(31, '2014-12-20T21:23:49.912Z', 'unknown', 'Republic Cruiser', '2014-12-19T17:01:31.488Z', 'unknown', '16', '900', '9', '115', 'Consular-class cruiser', 'unknown', 'Corellian Engineering Corporation'),
(32, '2014-12-20T21:23:49.915Z', '500 days', 'Droid control ship', '2014-12-19T17:04:06.323Z', '4000000000', '139000', 'n/a', '175', '3170', 'Lucrehulk-class Droid Control Ship', 'unknown', 'Hoersch-Kessel Drive, Inc.'),
(33, '2014-12-20T21:30:21.697Z', 'none', 'Vulture Droid', '2014-12-19T17:09:53.584Z', '0', '0', '1200', '0', '3.5', 'Vulture-class droid starfighter', 'unknown', 'Haor Chall Engineering, Baktoid Armor Workshop'),
(34, '2014-12-20T21:30:21.700Z', 'unknown', 'Multi-Troop Transport', '2014-12-19T17:12:04.400Z', '12000', '112', '35', '4', '31', 'Multi-Troop Transport', '138000', 'Baktoid Armor Workshop'),
(35, '2014-12-20T21:30:21.703Z', 'unknown', 'Armored Assault Tank', '2014-12-19T17:13:29.799Z', 'unknown', '6', '55', '4', '9.75', 'Armoured Assault Tank', 'unknown', 'Baktoid Armor Workshop'),
(36, '2014-12-20T21:30:21.705Z', 'none', 'Single Trooper Aerial Platform', '2014-12-19T17:15:09.511Z', 'none', '0', '400', '1', '2', 'Single Trooper Aerial Platform', '2500', 'Baktoid Armor Workshop'),
(37, '2014-12-20T21:30:21.707Z', '1 day', 'C-9979 landing craft', '2014-12-19T17:20:36.373Z', '1800000', '284', '587', '140', '210', 'C-9979 landing craft', '200000', 'Haor Chall Engineering'),
(38, '2014-12-20T21:30:21.710Z', 'unknown', 'Tribubble bongo', '2014-12-19T17:37:37.924Z', '1600', '2', '85', '1', '15', 'Tribubble bongo', 'unknown', 'Otoh Gunga Bongameken Cooperative'),
(39, '2014-12-20T21:23:49.917Z', '7 days', 'Naboo fighter', '2014-12-19T17:39:17.582Z', '65', '0', '1100', '1', '11', 'N-1 starfighter', '200000', 'Theed Palace Space Vessel Engineering Corps'),
(40, '2014-12-20T21:23:49.919Z', 'unknown', 'Naboo Royal Starship', '2014-12-19T17:45:03.506Z', 'unknown', 'unknown', '920', '8', '76', 'J-type 327 Nubian royal starship', 'unknown', 'Theed Palace Space Vessel Engineering Corps, Nubia Star Drives'),
(41, '2014-12-20T21:23:49.922Z', '30 days', 'Scimitar', '2014-12-20T09:39:56.116Z', '2500000', '6', '1180', '1', '26.5', 'Star Courier', '55000000', 'Republic Sienar Systems'),
(42, '2014-12-20T21:30:21.712Z', 'unknown', 'Sith speeder', '2014-12-20T10:09:56.095Z', '2', '0', '180', '1', '1.5', 'FC-20 speeder bike', '4000', 'Razalon'),
(43, '2014-12-20T21:23:49.925Z', '1 year', 'J-type diplomatic barge', '2014-12-20T11:05:51.237Z', 'unknown', '10', '2000', '5', '39', 'J-type diplomatic barge', '2000000', 'Theed Palace Space Vessel Engineering Corps, Nubia Star Drives'),
(44, '2014-12-20T21:30:21.714Z', 'none', 'Zephyr-G swoop bike', '2014-12-20T16:24:16.026Z', '200', '1', '350', '1', '3.68', 'Zephyr-G swoop bike', '5750', 'Mobquet Swoops and Speeders'),
(45, '2014-12-20T21:30:21.716Z', 'unknown', 'Koro-2 Exodrive airspeeder', '2014-12-20T17:17:33.526Z', '80', '1', '800', '1', '6.6', 'Koro-2 Exodrive airspeeder', 'unknown', 'Desler Gizh Outworld Mobility Corporation'),
(46, '2014-12-20T21:30:21.719Z', 'unknown', 'XJ-6 airspeeder', '2014-12-20T17:19:19.991Z', 'unknown', '1', '720', '1', '6.23', 'XJ-6 airspeeder', 'unknown', 'Narglatch AirTech prefabricated kit'),
(47, '2014-12-20T21:23:49.928Z', 'unknown', 'AA-9 Coruscant freighter', '2014-12-20T17:24:23.509Z', 'unknown', '30000', 'unknown', 'unknown', '390', 'Botajef AA-9 Freighter-Liner', 'unknown', 'Botajef Shipyards'),
(48, '2014-12-20T21:23:49.930Z', '7 days', 'Jedi starfighter', '2014-12-20T17:35:23.906Z', '60', '0', '1150', '1', '8', 'Delta-7 Aethersprite-class interceptor', '180000', 'Kuat Systems Engineering'),
(49, '2014-12-20T21:23:49.932Z', 'unknown', 'H-type Nubian yacht', '2014-12-20T17:46:46.847Z', 'unknown', 'unknown', '8000', '4', '47.9', 'H-type Nubian yacht', 'unknown', 'Theed Palace Space Vessel Engineering Corps'),
(50, '2014-12-20T21:30:21.723Z', 'unknown', 'LAAT/i', '2014-12-20T18:01:21.014Z', '170', '30', '620', '6', '17.4', 'Low Altitude Assault Transport/infrantry', 'unknown', 'Rothana Heavy Engineering'),
(51, '2014-12-20T21:30:21.725Z', 'unknown', 'LAAT/c', '2014-12-20T18:02:46.802Z', '40000', '0', '620', '1', '28.82', 'Low Altitude Assault Transport/carrier', 'unknown', 'Rothana Heavy Engineering'),
(52, '2014-12-20T21:23:49.935Z', '2 years', 'Republic Assault ship', '2014-12-20T18:08:42.926Z', '11250000', '16000', 'unknown', '700', '752', 'Acclamator I-class assault ship', 'unknown', 'Rothana Heavy Engineering'),
(53, '2014-12-20T21:30:21.728Z', '21 days', 'AT-TE', '2014-12-20T18:10:07.560Z', '10000', '36', '60', '6', '13.2', 'All Terrain Tactical Enforcer', 'unknown', 'Rothana Heavy Engineering, Kuat Drive Yards'),
(54, '2014-12-20T21:30:21.731Z', '7 days', 'SPHA', '2014-12-20T18:12:32.315Z', '500', '30', '35', '25', '140', 'Self-Propelled Heavy Artillery', 'unknown', 'Rothana Heavy Engineering'),
(55, '2014-12-20T21:30:21.735Z', 'unknown', 'Flitknot speeder', '2014-12-20T18:15:20.312Z', 'unknown', '0', '634', '1', '2', 'Flitknot speeder', '8000', 'Huppla Pasa Tisc Shipwrights Collective'),
(56, '2014-12-20T21:30:21.739Z', '7 days', 'Neimoidian shuttle', '2014-12-20T18:25:44.912Z', '1000', '6', '880', '2', '20', 'Sheathipede-class transport shuttle', 'unknown', 'Haor Chall Engineering'),
(57, '2014-12-20T21:30:21.742Z', 'unknown', 'Geonosian starfighter', '2014-12-20T18:34:12.541Z', 'unknown', '0', '20000', '1', '9.8', 'Nantex-class territorial defense', 'unknown', 'Huppla Pasa Tisc Shipwrights Collective'),
(58, '2014-12-20T21:23:49.937Z', '7 days', 'Solar Sailer', '2014-12-20T18:37:56.969Z', '240', '11', '1600', '3', '15.2', 'Punworcca 116-class interstellar sloop', '35700', 'Huppla Pasa Tisc Shipwrights Collective'),
(59, '2014-12-20T21:23:49.941Z', '4 years', 'Trade Federation cruiser', '2014-12-20T19:40:21.902Z', '50000000', '48247', '1050', '600', '1088', 'Providence-class carrier/destroyer', '125000000', 'Rendili StarDrive, Free Dac Volunteers Engineering corps.'),
(60, '2014-12-20T21:30:21.745Z', 'none', 'Tsmeu-6 personal wheel bike', '2014-12-20T19:43:54.870Z', '10', '1', '330', '1', '3.5', 'Tsmeu-6 personal wheel bike', '15000', 'Z-Gomot Ternbuell Guppat Corporation'),
(61, '2014-12-20T21:23:49.944Z', '56 days', 'Theta-class T-2c shuttle', '2014-12-20T19:48:40.409Z', '50000', '16', '2000', '5', '18.5', 'Theta-class T-2c shuttle', '1000000', 'Cygnus Spaceworks'),
(62, '2014-12-20T21:30:21.749Z', 'unknown', 'Emergency Firespeeder', '2014-12-20T19:50:58.559Z', 'unknown', 'unknown', 'unknown', '2', 'unknown', 'Fire suppression speeder', 'unknown', 'unknown'),
(63, '2014-12-20T21:23:49.946Z', '2 years', 'Republic attack cruiser', '2014-12-20T19:52:56.232Z', '20000000', '2000', '975', '7400', '1137', 'Senator-class Star Destroyer', '59000000', 'Kuat Drive Yards, Allanteen Six shipyards'),
(64, '2014-12-20T21:23:49.948Z', 'unknown', 'Naboo star skiff', '2014-12-20T19:55:15.396Z', 'unknown', '3', '1050', '3', '29.2', 'J-type star skiff', 'unknown', 'Theed Palace Space Vessel Engineering Corps/Nubia Star Drives, Incorporated'),
(65, '2014-12-20T21:23:49.951Z', '2 days', 'Jedi Interceptor', '2014-12-20T19:56:57.468Z', '60', '0', '1500', '1', '5.47', 'Eta-2 Actis-class light interceptor', '320000', 'Kuat Systems Engineering'),
(66, '2014-12-20T21:23:49.953Z', '5 days', 'arc-170', '2014-12-20T20:03:48.603Z', '110', '0', '1000', '3', '14.5', 'Aggressive Reconnaissance-170 starfighte', '155000', 'Incom Corporation, Subpro Corporation'),
(67, '2014-12-20T21:30:21.752Z', 'none', 'Droid tri-fighter', '2014-12-20T20:05:19.992Z', '0', '0', '1180', '1', '5.4', 'tri-fighter', '20000', 'Colla Designs, Phlac-Arphocc Automata Industries'),
(68, '2014-12-20T21:23:49.956Z', '2 years', 'Banking clan frigte', '2014-12-20T20:07:11.538Z', '40000000', 'unknown', 'unknown', '200', '825', 'Munificent-class star frigate', '57000000', 'Hoersch-Kessel Drive, Inc, Gwori Revolutionary Industries'),
(69, '2014-12-20T21:30:21.756Z', '3 days', 'Oevvaor jet catamaran', '2014-12-20T20:20:53.931Z', '50', '2', '420', '2', '15.1', 'Oevvaor jet catamaran', '12125', 'Appazanna Engineering Works'),
(70, '2014-12-20T21:30:21.759Z', 'none', 'Raddaugh Gnasp fluttercraft', '2014-12-20T20:21:55.648Z', '20', '0', '310', '2', '7', 'Raddaugh Gnasp fluttercraft', '14750', 'Appazanna Engineering Works'),
(71, '2014-12-20T21:30:21.762Z', '20 days', 'Clone turbo tank', '2014-12-20T20:24:45.587Z', '30000', '300', '160', '20', '49.4', 'HAVw A6 Juggernaut', '350000', 'Kuat Drive Yards'),
(72, '2014-12-20T21:30:21.765Z', 'none', 'Corporate Alliance tank droid', '2014-12-20T20:26:55.522Z', 'none', '4', '100', '0', '10.96', 'NR-N99 Persuader-class droid enforcer', '49000', 'Techno Union'),
(73, '2014-12-20T21:30:21.768Z', 'none', 'Droid gunship', '2014-12-20T20:32:05.687Z', '0', '0', '820', '0', '12.3', 'HMP droid gunship', '60000', 'Baktoid Fleet Ordnance, Haor Chall Engineering'),
(74, '2014-12-20T21:23:49.959Z', '7 days', 'Belbullab-22 starfighter', '2014-12-20T20:38:05.031Z', '140', '0', '1100', '1', '6.71', 'Belbullab-22 starfighter', '168000', 'Feethan Ottraw Scalable Assemblies'),
(75, '2014-12-20T21:23:49.961Z', '15 hours', 'V-wing', '2014-12-20T20:43:04.349Z', '60', '0', '1050', '1', '7.9', 'Alpha-3 Nimbus-class V-wing starfighter', '102500', 'Kuat Systems Engineering'),
(76, '2014-12-20T21:30:21.772Z', '1 day', 'AT-RT', '2014-12-20T20:47:49.189Z', '20', '0', '90', '1', '3.2', 'All Terrain Recon Transport', '40000', 'Kuat Drive Yards');


INSERT INTO `vehicles` (`id`, `vehicle_class`, `id_transport`) VALUES
(4, 'wheeled', 4),
(6, 'repulsorcraft', 6),
(7, 'repulsorcraft', 7),
(8, 'starfighter', 8),
(14, 'airspeeder', 14),
(16, 'space/planetary bomber', 16),
(18, 'assault walker', 18),
(19, 'walker', 19),
(20, 'repulsorcraft', 20),
(24, 'sail barge', 24),
(25, 'repulsorcraft cargo skiff', 25),
(26, 'starfighter', 26),
(30, 'speeder', 30),
(33, 'starfighter', 33),
(34, 'repulsorcraft', 34),  
(35, 'repulsorcraft', 35),
(36, 'repulsorcraft', 36),
(37, 'landing craft', 37),
(38, 'submarine', 38),
(42, 'speeder', 42),
(44, 'repulsorcraft', 44),
(45, 'airspeeder', 45),
(46, 'airspeeder', 46),
(50, 'gunship', 50),
(51, 'gunship', 51),
(53, 'walker', 53),
(54, 'walker', 54),
(55, 'speeder', 55),
(56, 'transport', 56),
(57, 'starfighter', 57),
(60, 'wheeled walker', 60),
(62, 'fire suppression ship', 62),
(67, 'droid starfighter', 67),
(69, 'airspeeder', 69),
(70, 'air speeder', 70),
(71, 'wheeled walker', 71),
(72, 'droid tank', 72),
(73, 'airspeeder', 73),
(76, 'walker', 76);


INSERT INTO `people_vehicles` (`people_id`, `vehicle_id`) VALUES
(1, 14), (18, 14),
(13, 19),
(1, 30), (5, 30),
(10, 38), (32, 38),
(44, 42),
(11, 44),
(70, 45),
(11, 46),
(67, 55),
(79, 60);


INSERT INTO `starships` (`id`, `model`, `MGLT`, `starship_class`, `hyperdrive_rating`, `id_transport`) VALUES
(2, 'resources.starship', '60', 'corvette', '2.0', 2),
(3, 'resources.starship', '60', 'Star Destroyer', '2.0', 3),
(5, 'resources.starship', '70', 'landing craft', '1.0', 5),
(9, 'resources.starship', '10', 'Deep Space Mobile Battlestation', '4.0', 9),
(10, 'resources.starship', '75', 'Light freighter', '0.5', 10),
(11, 'resources.starship', '80', 'assault starfighter', '1.0', 11),
(12, 'resources.starship', '100', 'Starfighter', '1.0', 12),
(13, 'resources.starship', '105', 'Starfighter', '1.0', 13),
(15, 'resources.starship', '40', 'Star dreadnought', '2.0', 15),
(17, 'resources.starship', '20', 'Medium transport', '4.0', 17),
(21, 'resources.starship', '70', 'Patrol craft', '3.0', 21),
(22, 'resources.starship', '50', 'Armed government transport', '1.0', 22),
(23, 'resources.starship', '40', 'Escort ship', '2.0', 23),
(27, 'resources.starship', '60', 'Star Cruiser', '1.0', 27),
(28, 'resources.starship', '120', 'Starfighter', '1.0', 28),
(29, 'resources.starship', '91', 'Assault Starfighter', '2.0', 29),
(31, 'resources.starship', 'unknown', 'Space cruiser', '2.0', 31),
(32, 'resources.starship', 'unknown', 'Droid control ship', '2.0', 32),
(39, 'resources.starship', 'unknown', 'Starfighter', '1.0', 39),
(40, 'resources.starship', 'unknown', 'yacht', '1.8', 40),
(41, 'resources.starship', 'unknown', 'Space Transport', '1.5', 41),
(43, 'resources.starship', 'unknown', 'Diplomatic barge', '0.7', 43),
(47, 'resources.starship', 'unknown', 'freighter', 'unknown', 47),
(48, 'resources.starship', 'unknown', 'Starfighter', '1.0', 48),
(49, 'resources.starship', 'unknown', 'yacht', '0.9', 49),
(52, 'resources.starship', 'unknown', 'assault ship', '0.6', 52),
(58, 'resources.starship', 'unknown', 'yacht', '1.5', 58),
(59, 'resources.starship', 'unknown', 'capital ship', '1.5', 59),
(61, 'resources.starship', 'unknown', 'transport', '1.0', 61),
(63, 'resources.starship', 'unknown', 'star destroyer', '1.0', 63),
(64, 'resources.starship', 'unknown', 'yacht', '0.5', 64),
(65, 'resources.starship', 'unknown', 'starfighter', '1.0', 65),
(66, 'resources.starship', '100', 'starfighter', '1.0', 66),
(68, 'resources.starship', 'unknown', 'cruiser', '1.0', 68),
(74, 'resources.starship', 'unknown', 'starfighter', '6', 74),
(75, 'resources.starship', 'unknown', 'starfighter', '1.0', 75);




INSERT INTO `people_starships` (`people_id`, `starship_id`) VALUES
(13, 10), (14, 10), (25, 10), (31, 10),
(1, 11), (9, 11), (18, 11), (19, 11),
(4, 12), (1, 12), (9, 12), (18, 12),
(4, 13), (15, 13), (25, 13), (31, 13),
(1, 22), (13, 22), (14, 22),
(1, 28),
(29, 40),
(35, 41), (60, 41),
(11, 43),
(10, 48), (58, 48),
(35, 49),
(10, 52),
(10, 58), (79, 58),
(10, 59), (11, 59),
(10, 61),
(10, 63),
(10, 64), (35, 64),
(10, 65), (11, 65),
(10, 66),
(10, 68),
(10, 74), (79, 74),
(10, 75);


INSERT INTO `films` (`id`, `edited`, `producer`, `title`, `created`, `episode_id`, `director`, `release_date`, `opening_crawl`)
VALUES
(1, '2014-12-20T19:49:45.256Z', 'Gary Kurtz, Rick McCallum', 'A New Hope', '2014-12-10T14:23:31.880Z', 4, 'George Lucas', '1977-05-25', 'It is a period of civil war.\r\nRebel spaceships, striking\r\nfrom a hidden base, have won\r\ntheir first victory against\r\nthe evil Galactic Empire.\r\n\r\nDuring the battle, Rebel\r\nspies managed to steal secret\r\nplans to the Empire\'s\r\nultimate weapon, the DEATH\r\nSTAR, an armored space\r\nstation with enough power\r\r\n    to destroy an entire planet.\r\n\r\nPursued by the Empire\'s\r\nsinister agents, Princess\r\nLeia races home aboard her\r\nstarship, custodian of the\r\nstolen plans that can save her\r\npeople and restore\r\nfreedom to the galaxy....'),
(2, '2014-12-15T13:07:53.386Z', 'Gary Kurtz, Rick McCallum', 'The Empire Strikes Back', '2014-12-12T11:26:24.656Z', 5, 'Irvin Kershner', '1980-05-17', 'It is a dark time for the\r\nRebellion. Although the Death\r\nStar has been destroyed,\r\nImperial troops have driven the\r\nRebel forces from their hidden\r\nbase and pursued them across\r\nthe galaxy.\r\n\r\nEvading the dreaded Imperial\r\nStarfleet, a group of freedom\r\nfighters led by Luke Skywalker\r\nhas established a new secret\r\nbase on the remote ice world\r\nof Hoth.\r\n\r\nThe evil lord Darth Vader,\r\nobsessed with finding young\r\nSkywalker, has dispatched\r\nthousands of remote probes into\r\nthe far reaches of space....'),
(3, '2014-12-20T09:48:37.462Z', 'Howard G. Kazanjian, George Lucas, Rick McCallum', 'Return of the Jedi', '2014-12-18T10:39:33.255Z', 6, 'Richard Marquand', '1983-05-25', 'Luke Skywalker has returned to\r\nhis home planet of Tatooine in\r\nan attempt to rescue his\r\nfriend Han Solo from the\r\nclutches of the vile gangster\r\nJabba the Hutt.\r\n\r\nLittle does Luke know that the\r\nGALACTIC EMPIRE has secretly\r\nbegun construction on a new\r\narmored space station even\r\nmore powerful than the first\r\ndreaded Death Star.\r\n\r\nWhen completed, this ultimate\r\nweapon will spell certain doom\r\nfor the small band of rebels\r\nstruggling to restore freedom\r\nto the galaxy...'),
(4, '2014-12-20T10:54:07.216Z', 'Rick McCallum', 'The Phantom Menace', '2014-12-19T16:52:55.740Z', 1, 'George Lucas', '1999-05-19', 'Turmoil has engulfed the\r\nGalactic Republic. The taxation\r\nof trade routes to outlying star\r\nsystems is in dispute.\r\n\r\nHoping to resolve the matter\r\nwith a blockade of deadly\r\nbattleships, the greedy Trade\r\nFederation has stopped all\r\nshipping to the small planet\r\nof Naboo.\r\n\r\nWhile the Congress of the\r\nRepublic endlessly debates\r\nthis alarming chain of events,\r\nthe Supreme Chancellor has\r\nsecretly dispatched two Jedi\r\nKnights, the guardians of\r\npeace and justice in the\r\ngalaxy, to settle the conflict....'),
(5, '2014-12-20T20:18:48.516Z', 'Rick McCallum', 'Attack of the Clones', '2014-12-20T10:57:57.886Z', 2, 'George Lucas', '2002-05-16', 'There is unrest in the Galactic\r\nSenate. Several thousand solar\r\nsystems have declared their\r\nintentions to leave the Republic.\r\n\r\nThis separatist movement,\r\nunder the leadership of the\r\nmysterious Count Dooku, has\r\nmade it difficult for the limited\r\nnumber of Jedi Knights to maintain \r\npeace and order in the galaxy.\r\n\r\nSenator Amidala, the former\r\nQueen of Naboo, is returning\r\nto the Galactic Senate to vote\r\non the critical issue of creating\r\nan ARMY OF THE REPUBLIC\r\nto assist the overwhelmed\r\nJedi....'),
(6, '2014-12-20T20:47:52.073Z', 'Rick McCallum', 'Revenge of the Sith', '2014-12-20T18:49:38.403Z', 3, 'George Lucas', '2005-05-19', 'War! The Republic is crumbling\r\nunder attacks by the ruthless\r\nSith Lord, Count Dooku.\r\nThere are heroes on both sides.\r\nEvil is everywhere.\r\n\r\nIn a stunning move, the\r\nfiendish droid leader, General\r\nGrievous, has swept into the\r\nRepublic capital and kidnapped\r\nChancellor Palpatine, leader of\r\nthe Galactic Senate.\r\n\r\nAs the Separatist Droid Army\r\nattempts to flee the besieged\r\ncapital with their valuable\r\nhostage, two Jedi Knights lead a\r\ndesperate mission to rescue the\r\ncaptive Chancellor....');

INSERT INTO `film_starships` (`film_id`, `starship_id`) VALUES
(1, 2), (1, 3), (1, 5), (1, 9), (1, 10), (1, 11), (1, 12), (1, 13),
(2, 3), (2, 10), (2, 11), (2, 12), (2, 15), (2, 17), (2, 21), (2, 22), (2, 23),
(3, 2), (3, 3), (3, 10), (3, 11), (3, 12), (3, 15), (3, 17), (3, 22), (3, 23), (3, 27), (3, 28), (3, 29),
(4, 31), (4, 32), (4, 39), (4, 40), (4, 41),
(5, 21), (5, 32), (5, 39), (5, 43), (5, 47), (5, 48), (5, 49), (5, 52), (5, 58),
(6, 2), (6, 32), (6, 48), (6, 59), (6, 61), (6, 63), (6, 64), (6, 65), (6, 66), (6, 68), (6, 74), (6, 75);

INSERT INTO `film_vehicles` (`film_id`, `vehicle_id`) VALUES
(1, 4), (1, 6), (1, 7), (1, 8),
(2, 8), (2, 14), (2, 16), (2, 18), (2, 19), (2, 20),
(3, 8), (3, 16), (3, 18), (3, 19), (3, 24), (3, 25), (3, 26), (3, 30),
(4, 33), (4, 34), (4, 35), (4, 36), (4, 37), (4, 38), (4, 42),
(5, 4), (5, 44), (5, 45), (5, 46), (5, 50), (5, 51), (5, 53), (5, 54), (5, 55), (5, 56), (5, 57),
(6, 33), (6, 50), (6, 53), (6, 56), (6, 60), (6, 62), (6, 67), (6, 69), (6, 70), (6, 71), (6, 72), (6, 73), (6, 76);

INSERT INTO `film_planets` (`film_id`, `planet_id`) VALUES
(1, 1), (1, 2), (1, 3),
(2, 4), (2, 5), (2, 6), (2, 27),
(3, 1), (3, 8), (3, 9),
(4, 1), (4, 8), (4, 9),
(5, 1), (5, 8),
(6, 1), (6, 8), (6, 9);

INSERT INTO `film_species` (`film_id`, `species_id`) VALUES
(1, 1), (1, 2), (1, 3), (1, 4), (1, 5), (1, 6), (1, 7), (1, 8), (1, 9), (1, 10), (1, 12), (1, 13), (1, 14), (1, 15), (1, 16), (1, 18), (1, 19), (1, 81),
(2, 1), (2, 2), (2, 3), (2, 4), (2, 5), (2, 10), (2, 13), (2, 14), (2, 18), (2, 20), (2, 21), (2, 22), (2, 23), (2, 24), (2, 25), (2, 26),
(3, 1), (3, 2), (3, 3), (3, 4), (3, 5), (3, 10), (3, 13), (3, 14), (3, 16), (3, 18), (3, 20), (3, 21), (3, 22), (3, 25), (3, 27), (3, 28), (3, 29), (3, 30), (3, 31), (3, 45),
(4, 2), (4, 3), (4, 10), (4, 11), (4, 16), (4, 20), (4, 21), (4, 32), (4, 33), (4, 34), (4, 35), (4, 36), (4, 37), (4, 38), (4, 39), (4, 40), (4, 41), (4, 42), (4, 43), (4, 44), (4, 46), (4, 47), (4, 48), (4, 49), (4, 50), (4, 51), (4, 52), (4, 53), (4, 54), (4, 55), (4, 56), (4, 57), (4, 58), (4, 59),
(5, 2), (5, 3), (5, 6), (5, 7), (5, 10), (5, 11), (5, 20), (5, 21), (5, 22), (5, 33), (5, 35), (5, 36), (5, 40), (5, 43), (5, 46), (5, 51), (5, 52), (5, 53), (5, 58), (5, 59), (5, 60), (5, 61), (5, 62), (5, 63), (5, 64), (5, 65), (5, 66), (5, 67), (5, 68), (5, 69), (5, 70), (5, 71), (5, 72), (5, 73), (5, 74), (5, 75), (5, 76), (5, 77), (5, 78), (5, 82),
(6, 1), (6, 2), (6, 3), (6, 4), (6, 5), (6, 6), (6, 7), (6, 10), (6, 11), (6, 12), (6, 13), (6, 20), (6, 21), (6, 33), (6, 35), (6, 46), (6, 51), (6, 52), (6, 53), (6, 54), (6, 55), (6, 56), (6, 58), (6, 63), (6, 64), (6, 67), (6, 68), (6, 75), (6, 78), (6, 79), (6, 80), (6, 81), (6, 82), (6, 83);
